[
	{
		"anonymous": false,
		"inputs": [
			{
				"indexed": false,
				"internalType": "uint256",
				"name": "productCode",
				"type": "uint256"
			},
			{
				"indexed": false,
				"internalType": "uint256",
				"name": "quantity",
				"type": "uint256"
			}
		],
		"name": "InventoryUpdated",
		"type": "event"
	},
	{
		"anonymous": false,
		"inputs": [
			{
				"indexed": false,
				"internalType": "uint256",
				"name": "productCode",
				"type": "uint256"
			},
			{
				"indexed": false,
				"internalType": "string",
				"name": "name",
				"type": "string"
			},
			{
				"indexed": false,
				"internalType": "uint256",
				"name": "price",
				"type": "uint256"
			},
			{
				"indexed": false,
				"internalType": "uint256",
				"name": "locationId",
				"type": "uint256"
			}
		],
		"name": "ProductAdded",
		"type": "event"
	},
	{
		"inputs": [
			{
				"internalType": "uint256",
				"name": "_productCode",
				"type": "uint256"
			},
			{
				"internalType": "string",
				"name": "_name",
				"type": "string"
			},
			{
				"internalType": "uint256",
				"name": "_price",
				"type": "uint256"
			},
			{
				"internalType": "uint256",
				"name": "_locationId",
				"type": "uint256"
			},
			{
				"internalType": "uint256",
				"name": "_initialQuantity",
				"type": "uint256"
			}
		],
		"name": "addProduct",
		"outputs": [],
		"stateMutability": "nonpayable",
		"type": "function"
	},
	{
		"inputs": [],
		"name": "getAllProducts",
		"outputs": [
			{
				"components": [
					{
						"internalType": "uint256",
						"name": "productCode",
						"type": "uint256"
					},
					{
						"internalType": "string",
						"name": "name",
						"type": "string"
					},
					{
						"internalType": "uint256",
						"name": "price",
						"type": "uint256"
					},
					{
						"internalType": "uint256",
						"name": "locationId",
						"type": "uint256"
					}
				],
				"internalType": "struct SupplyChainTransparency.Product[]",
				"name": "",
				"type": "tuple[]"
			}
		],
		"stateMutability": "view",
		"type": "function"
	},
	{
		"inputs": [
			{
				"internalType": "uint256",
				"name": "_productCode",
				"type": "uint256"
			}
		],
		"name": "getInventory",
		"outputs": [
			{
				"components": [
					{
						"internalType": "uint256",
						"name": "productCode",
						"type": "uint256"
					},
					{
						"internalType": "uint256",
						"name": "quantity",
						"type": "uint256"
					}
				],
				"internalType": "struct SupplyChainTransparency.Inventory",
				"name": "",
				"type": "tuple"
			}
		],
		"stateMutability": "view",
		"type": "function"
	},
	{
		"inputs": [
			{
				"internalType": "uint256",
				"name": "_productCode",
				"type": "uint256"
			}
		],
		"name": "getProduct",
		"outputs": [
			{
				"components": [
					{
						"internalType": "uint256",
						"name": "productCode",
						"type": "uint256"
					},
					{
						"internalType": "string",
						"name": "name",
						"type": "string"
					},
					{
						"internalType": "uint256",
						"name": "price",
						"type": "uint256"
					},
					{
						"internalType": "uint256",
						"name": "locationId",
						"type": "uint256"
					}
				],
				"internalType": "struct SupplyChainTransparency.Product",
				"name": "",
				"type": "tuple"
			}
		],
		"stateMutability": "view",
		"type": "function"
	},
	{
		"inputs": [
			{
				"internalType": "uint256",
				"name": "",
				"type": "uint256"
			}
		],
		"name": "inventories",
		"outputs": [
			{
				"internalType": "uint256",
				"name": "productCode",
				"type": "uint256"
			},
			{
				"internalType": "uint256",
				"name": "quantity",
				"type": "uint256"
			}
		],
		"stateMutability": "view",
		"type": "function"
	},
	{
		"inputs": [
			{
				"internalType": "uint256",
				"name": "",
				"type": "uint256"
			}
		],
		"name": "productCodes",
		"outputs": [
			{
				"internalType": "uint256",
				"name": "",
				"type": "uint256"
			}
		],
		"stateMutability": "view",
		"type": "function"
	},
	{
		"inputs": [],
		"name": "productCount",
		"outputs": [
			{
				"internalType": "uint256",
				"name": "",
				"type": "uint256"
			}
		],
		"stateMutability": "view",
		"type": "function"
	},
	{
		"inputs": [
			{
				"internalType": "uint256",
				"name": "",
				"type": "uint256"
			}
		],
		"name": "productExists",
		"outputs": [
			{
				"internalType": "bool",
				"name": "",
				"type": "bool"
			}
		],
		"stateMutability": "view",
		"type": "function"
	},
	{
		"inputs": [
			{
				"internalType": "uint256",
				"name": "",
				"type": "uint256"
			}
		],
		"name": "products",
		"outputs": [
			{
				"internalType": "uint256",
				"name": "productCode",
				"type": "uint256"
			},
			{
				"internalType": "string",
				"name": "name",
				"type": "string"
			},
			{
				"internalType": "uint256",
				"name": "price",
				"type": "uint256"
			},
			{
				"internalType": "uint256",
				"name": "locationId",
				"type": "uint256"
			}
		],
		"stateMutability": "view",
		"type": "function"
	},
	{
		"inputs": [
			{
				"internalType": "uint256",
				"name": "_productCode",
				"type": "uint256"
			},
			{
				"internalType": "uint256",
				"name": "_newQuantity",
				"type": "uint256"
			}
		],
		"name": "updateInventory",
		"outputs": [],
		"stateMutability": "nonpayable",
		"type": "function"
	}
]